{
  "composition_score": {
    "plcc": 0.20215707269280808,
    "srcc": 0.22828245000927735,
    "mae": 7.543529624938965,
    "rmse": 9.602014912952725
  },
  "color_score": {
    "plcc": 0.6093822835646622,
    "srcc": 0.6034895816145702,
    "mae": 8.827279664993286,
    "rmse": 10.980290586628266
  },
  "focus_score": {
    "plcc": 0.6145845491723438,
    "srcc": 0.3538054790664638,
    "mae": 8.03275728225708,
    "rmse": 11.487397951485882
  },
  "exposure_score": {
    "plcc": 0.34984578468882344,
    "srcc": 0.36012668954951826,
    "mae": 12.742249523162842,
    "rmse": 16.52929351487119
  },
  "overall_score": {
    "plcc": 0.5415440351581701,
    "srcc": 0.5418442427898661,
    "mae": 6.335781059265137,
    "rmse": 8.096790878864862
  }
}