{
  "composition_score": {
    "plcc": 0.22804390721106102,
    "srcc": 0.33139053434101395,
    "mae": 7.3492333106994625,
    "rmse": 9.73720447089983
  },
  "color_score": {
    "plcc": 0.6242630451606772,
    "srcc": 0.6043614972435111,
    "mae": 8.950628427505492,
    "rmse": 11.16381704536207
  },
  "focus_score": {
    "plcc": 0.6121694736216926,
    "srcc": 0.4290514502769754,
    "mae": 7.853288429260254,
    "rmse": 11.05773992091898
  },
  "exposure_score": {
    "plcc": 0.43908152536353307,
    "srcc": 0.40338022753576097,
    "mae": 12.4650885887146,
    "rmse": 15.990376927123895
  },
  "overall_score": {
    "plcc": 0.590247911644858,
    "srcc": 0.5901996051734247,
    "mae": 6.3194759101867675,
    "rmse": 7.950233159699569
  }
}