{
  "composition_score": {
    "plcc": 0.07735815438301674,
    "srcc": 0.23274981429295158,
    "mae": 12.15065160369873,
    "rmse": 15.467863401254679
  },
  "color_score": {
    "plcc": 0.42271198797932763,
    "srcc": 0.44101198398039765,
    "mae": 11.177472818374634,
    "rmse": 14.266359170908869
  },
  "focus_score": {
    "plcc": 0.5486730771592488,
    "srcc": 0.3723432467218917,
    "mae": 8.133263423919677,
    "rmse": 12.41789780165836
  },
  "exposure_score": {
    "plcc": 0.32038585274424847,
    "srcc": 0.37201640255798113,
    "mae": 13.108797060012817,
    "rmse": 17.121431905236406
  },
  "overall_score": {
    "plcc": 0.40741857282817207,
    "srcc": 0.5194100785579547,
    "mae": 7.086444320678711,
    "rmse": 9.499572685206527
  }
}