{
  "composition_score": {
    "plcc": 0.1963845097258276,
    "srcc": 0.3360741226818206,
    "mae": 7.633967840194702,
    "rmse": 9.9914676549331
  },
  "color_score": {
    "plcc": 0.5188611161841212,
    "srcc": 0.5990472334086705,
    "mae": 9.177072754859925,
    "rmse": 11.97558944271191
  },
  "focus_score": {
    "plcc": 0.5622058110678763,
    "srcc": 0.4097701036363662,
    "mae": 7.619235149383545,
    "rmse": 11.861839397327692
  },
  "exposure_score": {
    "plcc": 0.3051930075813625,
    "srcc": 0.377467908986516,
    "mae": 13.071768842697143,
    "rmse": 17.371578761605345
  },
  "overall_score": {
    "plcc": 0.5305891815407047,
    "srcc": 0.5634144162092675,
    "mae": 6.347119342803955,
    "rmse": 8.182775804663072
  }
}