{
  "composition_score": {
    "plcc": 0.3559794453530508,
    "srcc": 0.36985512573775225,
    "mae": 7.105125408172608,
    "rmse": 8.912302049042879
  },
  "color_score": {
    "plcc": 0.6271026141388314,
    "srcc": 0.6099463618896972,
    "mae": 8.676188562393188,
    "rmse": 10.810276761492585
  },
  "focus_score": {
    "plcc": 0.6583915347353018,
    "srcc": 0.4438643501395869,
    "mae": 7.263537155151367,
    "rmse": 10.387943499771271
  },
  "exposure_score": {
    "plcc": 0.39713176647029136,
    "srcc": 0.3413087321413832,
    "mae": 12.738296644210816,
    "rmse": 16.347136139916152
  },
  "overall_score": {
    "plcc": 0.5928522820248986,
    "srcc": 0.5753168142323091,
    "mae": 6.042686943054199,
    "rmse": 7.727043800377619
  }
}