{
  "composition_score": {
    "plcc": 0.3539581381784324,
    "srcc": 0.3652448974505133,
    "mae": 7.051259590148926,
    "rmse": 9.277497432763157
  },
  "color_score": {
    "plcc": 0.6364192290930698,
    "srcc": 0.6286877665150234,
    "mae": 8.984869634628296,
    "rmse": 11.115025907589114
  },
  "focus_score": {
    "plcc": 0.687483156491303,
    "srcc": 0.47507434748584076,
    "mae": 7.393219234466553,
    "rmse": 10.203037116862822
  },
  "exposure_score": {
    "plcc": 0.44278998981348594,
    "srcc": 0.4193532140719112,
    "mae": 12.434427156448365,
    "rmse": 15.958707995508183
  },
  "overall_score": {
    "plcc": 0.6378761474231331,
    "srcc": 0.6191638022175543,
    "mae": 6.106076589584351,
    "rmse": 7.629101186329506
  }
}