{
  "composition_score": {
    "plcc": 0.11603710025065493,
    "srcc": 0.20838058030240564,
    "mae": 7.969384441375732,
    "rmse": 10.24071256152716
  },
  "color_score": {
    "plcc": 0.5333698495623024,
    "srcc": 0.5759304909639732,
    "mae": 9.372035457611084,
    "rmse": 11.848339338229046
  },
  "focus_score": {
    "plcc": 0.6125637732868595,
    "srcc": 0.40904720409727846,
    "mae": 8.040811824798585,
    "rmse": 11.4777873035639
  },
  "exposure_score": {
    "plcc": 0.3113499330055125,
    "srcc": 0.3436236137038566,
    "mae": 13.087185131072998,
    "rmse": 16.9436145725268
  },
  "overall_score": {
    "plcc": 0.47135183690218974,
    "srcc": 0.5482227553552104,
    "mae": 6.706573892593384,
    "rmse": 8.791324630807178
  }
}