{
  "composition_score": {
    "plcc": -0.0021790291239263343,
    "srcc": -0.01589231258184356,
    "mae": 11.88522431564331,
    "rmse": 14.152401494483264
  },
  "color_score": {
    "plcc": 0.11684470889149945,
    "srcc": 0.04817594734497621,
    "mae": 32.79369330024719,
    "rmse": 36.84187196690733
  },
  "focus_score": {
    "plcc": 0.03681970652494392,
    "srcc": 0.008891659436085695,
    "mae": 21.873739101409914,
    "rmse": 25.485537177835106
  },
  "exposure_score": {
    "plcc": 0.232239570449545,
    "srcc": 0.144363149040908,
    "mae": 22.44653254890442,
    "rmse": 27.189809811041133
  },
  "overall_score": {
    "plcc": 0.1357717322931597,
    "srcc": 0.06293450193556378,
    "mae": 20.161383079528807,
    "rmse": 23.16526541675868
  }
}