{
  "total": 255508,
  "train": 242733,
  "val": 12775,
  "val_split": 0.05,
  "score_mean": 48.703350276592005,
  "score_std": 8.125544279634063
}